{
	"name": "crucible-dice",
	"title": "Dice So Nice - Crucible Dice Dice Set",
	"description": "Adds a set of 3D dice in the theme of Crucible to Dice-So-Nice.",
	"version": "0.0.0",
	"minimumCoreVersion": "0.7.2",
	"compatibleCoreVersion": "9",
	"author": "EndlesNights",
	"dependencies": [
		{
			"type": "module",
			"name": "dice-so-nice"
		}
	],
	"scripts": [
		"crucible-dice.js"
	],
	"url": "https://github.com/EndlesNights/crucible-dice",
	"manifest": "https://raw.githubusercontent.com/EndlesNights/crucible-dice/main/module.json",
	"download": "https://github.com/EndlesNights/crucible-dice/raw/main/crucible-dice.zip"
}